game_id,id,year,region,round,high_bracket_seed,high_bracket_team,low_bracket_seed,low_bracket_team,high_bracket_score,low_bracket_score,point_diff,point_total,win,ovr_rating_bpi,ovr_rating_kenpom,ovr_rating_torvik,wab,off_rating_bpi,off_rating_kenpom,off_rating_torvik,def_rating_bpi,def_rating_kenpom,def_rating_torvik,efg%_off,ftr_off,reb%_off,to%_off,efg%_def,ftr_def,reb%_def,to%_def,2p%_off,3p%_off,eff_off,ft%_off,2p%_def,3p%_def,eff_def,ft%_def,height_eff,size,bench,adj_tempo,s_s,s_a,s_b,s_c,s_d,s_f,a_s,a_a,a_b,a_c,a_d,a_f,b_s,b_a,b_b,b_c,b_d,b_f,c_s,c_a,c_b,c_c,c_d,c_f,d_s,d_a,d_b,d_c,d_d,d_f,f_s,f_a,f_b,f_c,f_d,f_f
20085516,5516,2008,Final Four,Final Four,1,2008 North Carolina,1,2008 Kansas,66,84,-18,150,0,-1.7,-5.8201,-0.024389228,1.969248932,9.6,6.358605213,3.432635489,-11.4,-13.3733727,-12.00301131,7.6,8.3,13.4,-3.9,-8.3,-12,-9.3,2.5,10.3,3.8,25.8929,7.7,-7.8,-6.7,-22.7779,-4.3,-1.53,0.32,1,7.1,1,0,0,0,0,0,0,0,0,0,0,0,0,0,0,0,0,0,0,0,0,0,0,0,0,0,0,0,0,0,0,0,0,0,0,0
20085517,5517,2008,Final Four,Final Four,1,2008 Memphis,1,2008 UCLA,78,63,15,141,1,0.4,-1.1974,0.003260789,-1.841469884,0.4,1.264872958,-1.855124608,0.1,-1.524927904,2.995975892,5,12.9,11.9,-5.5,-9.8,-5.3,-9.9,4.5,6.5,0.8,21.1346,-8.5,-11.3,-4,-27.8785,-6.3,-0.06,0.31,9.77,5.5,1,0,0,0,0,0,0,0,0,0,0,0,0,0,0,0,0,0,0,0,0,0,0,0,0,0,0,0,0,0,0,0,0,0,0,0
20085618,5618,2008,Final Four,Championship,1,2008 Kansas,1,2008 Memphis,75,68,7,143,1,2.6,4.5868,0.011901972,1.002158582,4.4,4.222927904,1.623884808,-1.7,-0.367605213,3.553931611,13.8,4.8,8.7,-4.6,-8.2,-7.8,-8.8,5.7,13.2,10.1,31.8535,3.5,-12.4,-1,-23.4579,8.1,0.17,-0.88,-2.06,-1.8,1,0,0,0,0,0,0,0,0,0,0,0,0,0,0,0,0,0,0,0,0,0,0,0,0,0,0,0,0,0,0,0,0,0,0,0
20095516,5516,2009,Final Four,Final Four,2,2009 Michigan St.,1,2009 Connecticut,82,73,9,155,1,-4.6,-5.2572,-0.032308004,-1.394952979,1.4,-2.798672816,-2.716880038,-6.2,-3.423384612,-3.375419193,7.6,22.5,9.6,3.8,-3.5,-9.7,-13.8,2.6,8.6,4,16.6363,-2.3,-3.5,-2.7,-16.8296,2,-3.48,-1.57,10.86,-1.2,0,0,0,0,0,0,1,0,0,0,0,0,0,0,0,0,0,0,0,0,0,0,0,0,0,0,0,0,0,0,0,0,0,0,0,0
20095618,5618,2009,Final Four,Championship,2,2009 Michigan St.,1,2009 North Carolina,72,89,-17,161,0,-7.5,-5.7745,-0.029345487,-0.331524057,6.6,6.447617002,4.636933914,-14.2,-11.47138461,-10.45026419,2.9,16.7,9,0.4,-5.1,-3.9,-14.4,3.7,4.4,0.3,11.9574,-0.8,-4.2,-5.3,-22.8376,-6.9,0.4,-0.54,8.98,-9.1,0,0,0,0,0,0,1,0,0,0,0,0,0,0,0,0,0,0,0,0,0,0,0,0,0,0,0,0,0,0,0,0,0,0,0,0
20095517,5517,2009,Final Four,Final Four,3,2009 Villanova,1,2009 North Carolina,69,83,-14,152,0,-5.6,-6.8493,-0.037325242,-1.675156734,9.3,7.353617002,5.032540014,-15,-13.86693662,-11.92138315,4.3,17.6,3.7,-1.5,-5.3,-1.4,-9.8,5.1,5.1,1.8,14.0134,4.8,-6.5,-3.4,-21.4702,-8.5,-1.89,-0.17,1.6,-6.2,0,0,0,0,0,0,1,0,0,0,0,0,0,0,0,0,0,0,0,0,0,0,0,0,0,0,0,0,0,0,0,0,0,0,0,0
20105516,5516,2010,Final Four,Final Four,5,2010 Michigan St.,5,2010 Butler,50,52,-2,102,0,-0.3,0.268,0.005920234,-1.136315897,-3.1,2.033133594,1.211621487,2.8,-2.014128479,-0.577345671,5.2,0.4,13.4,-0.1,-5.5,-17.8,-2.8,0.2,5.8,2.4,15.6373,-1,-7.2,-1.7,-13.283,-3.3,1.68,0.42,9.12,2,0,0,0,0,0,0,0,0,0,0,0,0,0,0,0,0,0,0,0,0,1,0,0,0,0,0,0,0,0,0,0,0,0,0,0,0
20105517,5517,2010,Final Four,Final Four,2,2010 West Virginia,1,2010 Duke,57,78,-21,135,0,-6,-5.8167,-0.033476867,-0.390210258,-1.8,3.364600199,3.12083784,-4.1,-10.121642,-10.8467706,5.4,3.7,9.9,-3.8,-2.6,2.7,-9.2,4.5,4.4,5.4,20.5955,1.1,-0.2,-4.9,-16.9711,-7.3,-3.98,-0.66,2.39,-3.8,1,0,0,0,0,0,0,0,0,0,0,0,0,0,0,0,0,0,0,0,0,0,0,0,0,0,0,0,0,0,0,0,0,0,0,0
20105618,5618,2010,Final Four,Championship,5,2010 Butler,1,2010 Duke,59,61,-2,120,0,-10,-11.5194,-0.075140354,-3.76980545,-6.5,-3.219399801,-4.42892186,-3.4,-9.061133594,-8.772263187,8.1,13.2,-1.3,-2.7,-4,-2.1,-13.3,4.7,8.1,6,17.5545,6.3,-0.5,-7.3,-21.8083,-7.2,-6.91,-2.91,-0.12,-3,0,0,0,0,0,0,0,0,0,0,0,0,1,0,0,0,0,0,0,0,0,0,0,0,0,0,0,0,0,0,0,0,0,0,0,0
20115516,5516,2011,Final Four,Final Four,4,2011 Kentucky,3,2011 Connecticut,55,56,-1,111,0,4.7,3.5685,0.046214383,-1.598370905,3.7,10.34930662,11.98711905,1,-6.682917362,-5.33329198,7.1,9.7,0.5,-2.2,-4.1,-3.6,-8.7,0.8,5.9,6.2,15.161,3,-5.9,0,-13.7187,-3.8,-1.83,0.88,-8.9,1,0,1,0,0,0,0,0,0,0,0,0,0,0,0,0,0,0,0,0,0,0,0,0,0,0,0,0,0,0,0,0,0,0,0,0,0
20115517,5517,2011,Final Four,Final Four,11,2011 VCU,8,2011 Butler,62,70,-8,132,0,-2,-6.24353,-0.129650086,-1.553503809,1.4,6.764833919,5.193742184,-3.4,-13.07844361,-12.17303473,2.1,-2.5,4.2,-1.6,-0.6,-4.4,4,5.4,0.1,3.2,9.4836,5.8,0.2,-0.7,-8.113,-4.9,0.02,0.01,-0.65,0.1,0,0,0,0,0,0,0,0,0,0,0,0,0,0,0,0,0,0,0,0,0,0,0,0,0,0,0,1,0,0,0,0,0,0,0,0
20115618,5618,2011,Final Four,Championship,3,2011 Connecticut,8,2011 Butler,53,41,12,94,1,1.6,6.7095,0.058925942,7.141638098,1.6,12.00583392,10.17462268,0,-4.861306621,-5.162104954,-0.7,-5.2,12.1,-1.6,-5.7,-11,2.3,1,-1.2,0.5,10.6626,9.4,-5.9,-2.7,-11.032,-4,3,1.26,1.52,0.5,0,0,0,0,0,0,0,0,0,1,0,0,0,0,0,0,0,0,0,0,0,0,0,0,0,0,0,0,0,0,0,0,0,0,0,0
20125516,5516,2012,Final Four,Final Four,1,2012 Kentucky,4,2012 Louisville,69,61,8,130,1,7.9,12.912,0.072664372,5.736185351,3,4.814005593,3.2868927,4.8,7.357189729,9.339100513,10.5,5.2,4.1,-6,-6,-11.4,-5.2,-3.3,11.2,6.3,27.0532,5.9,-9.3,1,-10.3482,0.2,3.64,2.62,3.31,-1.7,0,0,1,0,0,0,0,0,0,0,0,0,0,0,0,0,0,0,0,0,0,0,0,0,0,0,0,0,0,0,0,0,0,0,0,0
20125618,5618,2012,Final Four,Championship,1,2012 Kentucky,2,2012 Kansas,67,59,8,126,1,4,4.8097,0.015971618,3.035930965,4.1,8.392858513,6.241630006,0,-3.501810271,-1.687811187,9.5,5.7,9.8,-3.5,-12.4,-15.5,-3.9,-1.5,12.5,2.4,25.1097,-0.1,-15.3,-3.7,-20.9046,-0.8,1.9,0.64,-1.09,-1.6,1,0,0,0,0,0,0,0,0,0,0,0,0,0,0,0,0,0,0,0,0,0,0,0,0,0,0,0,0,0,0,0,0,0,0,0
20125517,5517,2012,Final Four,Final Four,2,2012 Ohio St.,2,2012 Kansas,62,64,-2,126,0,4.2,2.9836,0.015286959,-0.502275259,3,5.531858513,2.027434506,1.3,-2.174934526,2.197708167,8.6,2.7,7.1,-3.3,-7.7,-12.5,-10,2.9,13.8,-2.1,20.5067,-2.3,-8.8,-3.6,-21.6056,-0.7,-0.49,-0.53,0.79,-0.8,1,0,0,0,0,0,0,0,0,0,0,0,0,0,0,0,0,0,0,0,0,0,0,0,0,0,0,0,0,0,0,0,0,0,0,0
20135516,5516,2013,Final Four,Final Four,1,2013 Louisville,9,2013 Wichita St.,72,68,4,140,1,9.2,13.7516,0.101881503,6.636848027,3.2,6.294109656,3.436627061,5.9,10.26720432,11.87062113,3.5,1.4,13.1,-1.7,-6.2,-2.1,-4.3,7.8,5.5,0.1,14.9317,-0.2,-7.4,-2.5,-21.8746,-4,-1.7,0.2,-4.56,1.9,0,0,0,1,0,0,0,0,0,0,0,0,0,0,0,0,0,0,0,0,0,0,0,0,0,0,0,0,0,0,0,0,0,0,0,0
20135618,5618,2013,Final Four,Championship,1,2013 Louisville,4,2013 Michigan,82,76,6,158,1,4.9,6.1504,0.030148848,2.781192195,5.7,10.0132425,7.3236233,-0.7,-0.634795677,-0.713199472,1.6,15.9,8.8,-0.2,-10.4,5,1.2,13.3,2.6,-0.1,11.0247,3,-10.8,-6.3,-30.3376,-6.2,0.38,-0.58,10.96,2.9,0,1,0,0,0,0,0,0,0,0,0,0,0,0,0,0,0,0,0,0,0,0,0,0,0,0,0,0,0,0,0,0,0,0,0,0
20135517,5517,2013,Final Four,Final Four,4,2013 Michigan,4,2013 Syracuse,61,56,5,117,1,1.1,2.4255,0.002689665,1.064112267,3,12.14942239,9.107628812,-2,-10.2462425,-8.1624762,10.8,-6.8,-1.9,-9.1,-1.3,-12.4,-10.2,-0.2,10.6,7.7,23.5884,3.2,-1.9,-0.2,-10.1167,0.6,-2.08,-1.79,-4.53,-1.8,0,0,0,0,0,0,0,1,0,0,0,0,0,0,0,0,0,0,0,0,0,0,0,0,0,0,0,0,0,0,0,0,0,0,0,0
20145516,5516,2014,Final Four,Final Four,8,2014 Kentucky,2,2014 Wisconsin,74,73,1,147,1,-0.9,-2.6757,-0.03500482,-4.003143023,0.9,12.95189314,12.31522595,-1.8,-15.47154285,-17.32756356,2.2,27.9,14.5,2.5,-8.1,-6.3,2,3.7,3.8,-1.8,11.226,-3.6,-7.3,-5.6,-16.492,-5.9,2.58,2.45,2.93,3,0,0,0,0,0,0,0,0,0,0,0,0,0,0,0,0,0,0,0,1,0,0,0,0,0,0,0,0,0,0,0,0,0,0,0,0
20145618,5618,2014,Final Four,Championship,8,2014 Kentucky,7,2014 Connecticut,54,60,-6,114,0,2.2,2.0343,0.006452533,-0.84401055,0.4,7.78740089,8.04086045,1.7,-6.148542848,-7.114512457,5.8,18.3,8.8,-1.4,-6.4,-0.8,-1.3,-1.3,8.6,-0.4,16.8772,1.7,-4,-7,-9.463,-7.6,1.36,1.86,-4.29,0.9,0,0,0,0,0,0,0,0,0,0,0,0,0,0,0,0,0,0,0,0,1,0,0,0,0,0,0,0,0,0,0,0,0,0,0,0
20145517,5517,2014,Final Four,Final Four,7,2014 Connecticut,1,2014 Florida,63,53,10,116,1,-6.5,-8.6944,-0.061495287,-6.969702706,-9.7,-1.760006289,-1.016514586,3.3,-7.80140089,-8.06952925,6.3,6,2.4,-4.3,-8.8,-7.9,-2.2,1.7,5.1,5.4,16.7398,7.2,-9.9,-3.9,-16.1492,0.4,2.62,0.03,-1.73,2.7,0,0,0,0,0,0,0,0,0,0,0,0,1,0,0,0,0,0,0,0,0,0,0,0,0,0,0,0,0,0,0,0,0,0,0,0
20155516,5516,2015,Final Four,Final Four,1,2015 Kentucky,1,2015 Wisconsin,64,71,-7,135,0,2.2,3.9082,0.009070794,1.70038361,-1,14.07783446,10.46785273,3.2,-7.535495916,-6.56447213,5.1,22.7,16.7,-0.3,-14.9,-4,-0.3,9.4,7.5,-1,21.4454,4.1,-16,-8.3,-36.8354,-11.3,1.84,0.11,18.66,4.6,1,0,0,0,0,0,0,0,0,0,0,0,0,0,0,0,0,0,0,0,0,0,0,0,0,0,0,0,0,0,0,0,0,0,0,0
20155517,5517,2015,Final Four,Final Four,7,2015 Michigan St.,1,2015 Duke,61,81,-20,142,0,-8.7,-8.3861,-0.044039309,-7.583436736,1.6,10.64919777,7.313751548,-10.2,-19.04742831,-16.5581348,6.4,7,4.5,-0.8,-11.2,-2.5,-11.4,0.2,4.5,6.6,13.0761,-6.3,-12.2,-6.3,-22.589,2.6,-3.9,-1.35,6.32,-3.4,0,0,0,0,0,0,0,0,0,0,0,0,0,0,0,0,0,0,1,0,0,0,0,0,0,0,0,0,0,0,0,0,0,0,0,0
20155618,5618,2015,Final Four,Championship,1,2015 Wisconsin,1,2015 Duke,63,68,-5,131,0,-0.7,4.2177,0.008011932,0.70122952,4.4,21.49119777,18.89548435,-5.1,-17.06083446,-16.02359923,7.2,10.7,1.8,-6.3,-10.2,-19.1,-13.7,-0.1,8,3.7,22.7171,6.7,-12.3,-2.6,-26.0344,-1,2.03,1.62,-4.21,-7.3,1,0,0,0,0,0,0,0,0,0,0,0,0,0,0,0,0,0,0,0,0,0,0,0,0,0,0,0,0,0,0,0,0,0,0,0
20165516,5516,2016,Final Four,Final Four,2,2016 Villanova,2,2016 Oklahoma,95,51,44,146,1,5,1.8981,0.02068122,1.079731964,4.1,10.11568987,11.148077,0.9,-8.057457183,-6.956172935,7.9,7,-1.2,-1.2,-8.2,-2.2,-1.8,2.4,12.4,0.4,15.9149,9.9,-4.2,-9.1,-17.432,-6.5,-0.87,0.31,7.4,-3.6,0,1,0,0,0,0,0,0,0,0,0,0,0,0,0,0,0,0,0,0,0,0,0,0,0,0,0,0,0,0,0,0,0,0,0,0
20165618,5618,2016,Final Four,Championship,2,2016 Villanova,1,2016 North Carolina,77,74,3,151,1,1.2,-1.2908,0.017179187,0.422983133,4.1,10.88865273,12.83880227,-2.8,-11.91145718,-9.479089735,6.9,4.6,-1.3,-2.2,-5.8,-0.8,-11.1,5,12.7,-1.6,14.9233,7.8,-10,2.1,-22.431,-7.5,-3.17,-0.43,-2.38,-3,1,0,0,0,0,0,0,0,0,0,0,0,0,0,0,0,0,0,0,0,0,0,0,0,0,0,0,0,0,0,0,0,0,0,0,0
20165517,5517,2016,Final Four,Final Four,1,2016 North Carolina,10,2016 Syracuse,83,66,17,149,1,7.7,12.1878,0.081629691,8.82778579,4.3,16.43463278,14.4222584,3.3,-3.946652732,-4.740034774,4.6,2.8,4.5,-5.2,-3,-5.8,-3.1,0.3,5.2,1,16.5585,7.1,-3.9,-0.1,-8.1253,1.6,2.77,-0.8,17.94,5.5,0,0,0,1,0,0,0,0,0,0,0,0,0,0,0,0,0,0,0,0,0,0,0,0,0,0,0,0,0,0,0,0,0,0,0,0
20175516,5516,2017,Final Four,Final Four,7,2017 South Carolina,1,2017 Gonzaga,73,77,-4,150,0,-9,-16.0236,-0.087046495,-6.055244945,-7.5,-8.534890196,-8.746854578,-1.4,-7.737457274,-6.107589027,5.1,13.9,8.4,1.3,-13,8.5,1.7,8.6,5,3.4,15.0033,3.5,-13.1,-8.6,-28.0042,-2.7,-2.35,-1.4,0.99,-1.4,0,0,0,0,0,0,0,0,0,0,0,0,0,0,0,0,0,0,1,0,0,0,0,0,0,0,0,0,0,0,0,0,0,0,0,0
20175517,5517,2017,Final Four,Final Four,3,2017 Oregon,1,2017 North Carolina,76,77,-1,153,0,-2,-4.1815,-0.03260821,-2.38793973,2.5,11.41898521,8.091483055,-4.5,-15.5789542,-13.98469657,7.1,3,6.9,-1.7,-6.2,-6.5,-12.2,3.7,8.1,3.7,15.53,-1.4,-5.3,-5.6,-21.256,0.8,-0.4,-0.51,-7.78,-3.3,0,0,0,0,0,0,1,0,0,0,0,0,0,0,0,0,0,0,0,0,0,0,0,0,0,0,0,0,0,0,0,0,0,0,0,0
20175618,5618,2017,Final Four,Championship,1,2017 Gonzaga,1,2017 North Carolina,65,71,-6,136,0,1,5.0447,0.017448337,-0.630092258,2.6,14.40198521,11.86954435,-1.8,-7.994109804,-7.059669922,9.5,6.8,4.8,-2.8,-10.7,-7.1,-16.6,1.3,11.7,4,21.101,1.8,-11.1,-6.7,-30.0623,-4.9,1.62,0.57,-4.64,-1.2,1,0,0,0,0,0,0,0,0,0,0,0,0,0,0,0,0,0,0,0,0,0,0,0,0,0,0,0,0,0,0,0,0,0,0,0
20185516,5516,2018,Final Four,Final Four,11,2018 Loyola Chicago,3,2018 Michigan,57,69,-12,126,0,-5.5,-8.0507,-0.122360183,-4.927451105,-3.9,3.467188848,0.580429587,-1.5,-11.94027815,-10.70871583,9.4,3,-2.3,-0.6,-7.1,-4.6,-0.1,6.1,9.5,5.7,12.2618,1.2,-8,-3.8,-17.2427,4.3,-3.04,-1.3,4.12,0.5,0,0,0,0,0,0,0,0,0,0,0,0,0,0,0,0,0,0,0,1,0,0,0,0,0,0,0,0,0,0,0,0,0,0,0,0
20185517,5517,2018,Final Four,Final Four,1,2018 Villanova,1,2018 Kansas,95,79,16,174,1,6.3,8.1703,0.025273678,2.400875888,10.3,25.02335889,22.8761904,-3.9,-16.73909097,-16.59336299,11.2,3.8,-2.9,-3.9,-8.9,-0.7,-2.4,1.9,11.6,7.1,21.391,5.1,-7.2,-7.5,-16.1237,5.2,-1.51,-0.37,5,0.1,0,0,1,0,0,0,0,0,0,0,0,0,0,0,0,0,0,0,0,0,0,0,0,0,0,0,0,0,0,0,0,0,0,0,0,0
20185618,5618,2018,Final Four,Championship,3,2018 Michigan,1,2018 Villanova,62,79,-17,141,0,-7.7,-8.2182,-0.046311241,-3.699637097,-0.8,11.70609097,9.156684895,-7,-19.52018885,-19.19457599,5.2,4.8,-0.7,-4.6,-11.3,1.6,-4.4,4.8,5,3.6,11.2917,-9.6,-12.7,-5.5,-26.3738,-5.8,2.11,0.44,2.69,-4.8,0,0,0,0,0,0,1,0,0,0,0,0,0,0,0,0,0,0,0,0,0,0,0,0,0,0,0,0,0,0,0,0,0,0,0,0
20195516,5516,2019,Final Four,Final Four,2,2019 Michigan St.,3,2019 Texas Tech,51,61,-10,112,0,1,4.6131,0.002592056,3.631858635,-1.9,5.377954935,4.145455326,2.9,-2.03523732,-3.314260009,13,-2.6,5.5,-4.3,-10,-5.8,-1.8,-3.3,13.5,8.3,27.0944,5.8,-11.6,-5,-13.0643,-4.9,0.09,0.46,4.7,0.7,1,0,0,0,0,0,0,0,0,0,0,0,0,0,0,0,0,0,0,0,0,0,0,0,0,0,0,0,0,0,0,0,0,0,0,0
20195517,5517,2019,Final Four,Final Four,1,2019 Virginia,5,2019 Auburn,63,62,1,125,1,6.8,12.3235,0.050804958,4.97243293,6.3,19.66377668,18.32348457,0.5,-5.826449786,-6.726570281,3.9,-6.3,-2.9,-10.6,-10.7,-3.1,-6.8,0.3,1.8,5.3,17.9134,3.4,-5.8,-10.9,-23.6611,-6.5,1.08,0.64,-8.54,-7.8,0,0,1,0,0,0,0,0,0,0,0,0,0,0,0,0,0,0,0,0,0,0,0,0,0,0,0,0,0,0,0,0,0,0,0,0
20195618,5618,2019,Final Four,Championship,3,2019 Texas Tech,1,2019 Virginia,77,85,-8,162,0,-4.4,-8.9076,-0.023475153,-4.084364445,-4.8,-1.050550214,-0.607740619,0.4,-7.219954935,-6.715333026,10.2,5.6,2.7,0.4,-12.9,7.3,-1.4,8.3,7.4,9.6,18.0791,7.7,-10.9,-10.8,-29.9384,-5.4,-1.36,-0.11,2.06,6.6,1,0,0,0,0,0,0,0,0,0,0,0,0,0,0,0,0,0,0,0,0,0,0,0,0,0,0,0,0,0,0,0,0,0,0,0
20215516,5516,2021,Final Four,Final Four,1,2021 Gonzaga,11,2021 UCLA,93,90,3,183,1,9.9,20.7066,0.100424208,5.858387692,11.7,23.53206294,21.3526875,-1.8,-1.655174613,-2.652565337,10.3,8.7,6.2,-1.5,-4.5,-6.7,-7.4,3.6,14.6,1.4,20.264,-1,-3.8,-4.2,-16.5984,-1.8,0.95,0.82,-3.12,10,0,0,0,1,0,0,0,0,0,0,0,0,0,0,0,0,0,0,0,0,0,0,0,0,0,0,0,0,0,0,0,0,0,0,0,0
20215618,5618,2021,Final Four,Championship,1,2021 Gonzaga,1,2021 Baylor,70,86,-16,156,0,0.6,7.1272,0.019249779,1.812633563,8.2,19.46469567,18.44209968,-7.6,-11.51717461,-11.75113774,11.9,5,-0.5,-8.5,-10,-1.1,-14.1,2.7,15.9,2.5,27.923,4,-7.3,-9.3,-27.7724,0.6,1.21,1.45,-4.3,5.1,1,0,0,0,0,0,0,0,0,0,0,0,0,0,0,0,0,0,0,0,0,0,0,0,0,0,0,0,0,0,0,0,0,0,0,0
20215517,5517,2021,Final Four,Final Four,1,2021 Baylor,2,2021 Houston,78,59,19,137,1,2.4,0.6767,-0.003950535,2.643424076,5.5,12.27930273,11.49595487,-3.1,-12.27569567,-12.10391418,14.6,-15.4,9.5,-4,-2.2,1,-8.5,8.3,11.1,13.3,30.8741,4.5,-1.8,-1.5,-21.336,-5.7,0.04,-0.45,-0.97,4.2,0,0,1,0,0,0,0,0,0,0,0,0,0,0,0,0,0,0,0,0,0,0,0,0,0,0,0,0,0,0,0,0,0,0,0,0
20225516,5516,2022,Final Four,Final Four,2,2022 Duke,8,2022 North Carolina,77,81,-4,158,0,3.5,7.6665,0.076556227,2.926929617,6.5,16.28169359,16.16481122,-3,-8.51004378,-6.874860419,5.8,7.1,11.1,0.8,-5.1,-10.7,-1.9,-0.4,7.5,1.9,16.178,-0.8,-3.8,-4.8,-11.1814,-10,0.46,0.1,3.38,-1.9,0,0,0,0,0,0,0,0,0,1,0,0,0,0,0,0,0,0,0,0,0,0,0,0,0,0,0,0,0,0,0,0,0,0,0,0
20225517,5517,2022,Final Four,Final Four,2,2022 Villanova,1,2022 Kansas,65,81,-16,146,0,0,-1.3813,-0.016643449,-3.121186458,4,11.44975771,9.448155876,-4.1,-12.82429444,-12.64242011,5.1,2.7,2,-2.9,-6.6,-7.7,-5.4,1,2.4,5.8,15.654,11.6,-6.3,-4.5,-13.9252,2.1,-0.87,0.21,-1.97,-5.3,0,0,0,0,0,0,1,0,0,0,0,0,0,0,0,0,0,0,0,0,0,0,0,0,0,0,0,0,0,0,0,0,0,0,0,0
20225618,5618,2022,Final Four,Championship,8,2022 North Carolina,1,2022 Kansas,69,72,-3,141,0,-4.3,-9.4461,-0.084869712,-6.151207917,1.1,6.556757712,5.133596076,-5.4,-16.30769359,-15.93960272,5.2,1.8,1.5,-1.9,-4.3,-11.3,-12.6,-3.7,2.8,6.1,12.225,6.5,-6.2,-0.6,-10.631,1.3,1.31,1.12,-4.99,0.7,0,0,0,0,0,0,0,0,0,0,0,0,0,0,0,0,0,0,1,0,0,0,0,0,0,0,0,0,0,0,0,0,0,0,0,0
20235516,5516,2023,Final Four,Final Four,5,2023 San Diego St.,9,2023 Florida Atlantic,72,71,1,143,1,1.6,2.0251,0.044654452,0.935368929,0.1,7.811680605,5.825335417,1.5,-5.193293439,-1.273311519,4.2,7.6,7.2,-0.7,-7.5,-0.1,-4.6,2.9,4.6,2.4,12.3,-1.3,-4.4,-8,-17.8084,1.8,0.88,0.69,-1.57,-2.2,0,0,0,0,0,0,0,0,0,1,0,0,0,0,0,0,0,0,0,0,0,0,0,0,0,0,0,0,0,0,0,0,0,0,0,0
20235618,5618,2023,Final Four,Championship,5,2023 San Diego St.,4,2023 Connecticut,59,76,-17,135,0,-6.3,-5.1137,-0.028945521,0.620181268,-4,5.623601599,3.129152188,-2.2,-10.35529344,-7.972760219,4.6,-4.4,5.5,-1.8,-6,-2,-13.4,0.7,3.6,4.4,11.6015,0,-3.5,-6.5,-19.0894,-1.8,-0.86,-1.58,7.92,-2.1,0,0,0,0,0,0,1,0,0,0,0,0,0,0,0,0,0,0,0,0,0,0,0,0,0,0,0,0,0,0,0,0,0,0,0,0
20235517,5517,2023,Final Four,Final Four,5,2023 Miami FL,4,2023 Connecticut,59,72,-13,131,0,-7.4,-10.4538,-0.105160374,-1.374225625,1.1,11.9276016,9.119289988,-8.4,-22.64938107,-20.26013913,9.5,-8.7,5.8,-3,-2.2,-7.3,-10.2,-0.8,9.1,6.8,19.4705,4,-1.6,-2.1,-10.184,-0.9,-1.7,-1.49,-4.85,0.4,0,0,0,0,0,0,0,0,0,0,0,0,0,0,0,0,0,0,1,0,0,0,0,0,0,0,0,0,0,0,0,0,0,0,0,0